page_id	physical_leaf_id
f1r	f1
f1v	f1
f2r	f2
f2v	f2
f3r	f3
f3v	f3
f4r	f4
f4v	f4
f5r	f5
f5v	f5
f6r	f6
f6v	f6
f7r	f7
f7v	f7
f8r	f8
f8v	f8
f9r	f9
f9v	f9
f10r	f10
f10v	f10
f11r	f11
f11v	f11
f13r	f13
f13v	f13
f14r	f14
f14v	f14
f15r	f15
f15v	f15
f16r	f16
f16v	f16
f17r	f17
f17v	f17
f18r	f18
f18v	f18
f19r	f19
f19v	f19
f20r	f20
f20v	f20
f21r	f21
f21v	f21
f22r	f22
f22v	f22
f23r	f23
f23v	f23
f24r	f24
f24v	f24
f25r	f25
f25v	f25
f26r	f26
f26v	f26
f27r	f27
f27v	f27
f28r	f28
f28v	f28
f29r	f29
f29v	f29
f30r	f30
f30v	f30
f31r	f31
f31v	f31
f32r	f32
f32v	f32
f33r	f33
f33v	f33
f34r	f34
f34v	f34
f35r	f35
f35v	f35
f36r	f36
f36v	f36
f37r	f37
f37v	f37
f38r	f38
f38v	f38
f39r	f39
f39v	f39
f40r	f40
f40v	f40
f41r	f41
f41v	f41
f42r	f42
f42v	f42
f43r	f43
f43v	f43
f44r	f44
f44v	f44
f45r	f45
f45v	f45
f46r	f46
f46v	f46
f47r	f47
f47v	f47
f48r	f48
f48v	f48
f49r	f49
f49v	f49
f50r	f50
f50v	f50
f51r	f51
f51v	f51
f52r	f52
f52v	f52
f53r	f53
f53v	f53
f54r	f54
f54v	f54
f55r	f55
f55v	f55
f56r	f56
f56v	f56
f57r	f57
f57v	f57
f58r	f58
f58v	f58
f65r	f65
f65v	f65
f66r	f66
f66v	f66
f67r1	f67
f67r2	f67
f67v2	f67
f67v1	f67
f68r1	f68
f68r2	f68
f68r3	f68
f68v3	f68
f68v2	f68
f68v1	f68
f69r	f69
f69v	f69
f70r1	f70
f70r2	f70
f70v2	f70
f70v1	f70
f71r	f71
f71v	f71
f72r1	f72
f72r2	f72
f72r3	f72
f72v3	f72
f72v2	f72
f72v1	f72
f73r	f73
f73v	f73
f75r	f75
f75v	f75
f76r	f76
f76v	f76
f77r	f77
f77v	f77
f78r	f78
f78v	f78
f79r	f79
f79v	f79
f80r	f80
f80v	f80
f81r	f81
f81v	f81
f82r	f82
f82v	f82
f83r	f83
f83v	f83
f84r	f84
f84v	f84
f85r1	f85
f85r2	f85
fRos	f85-f86-foldout
f86v4	f86
f86v6	f86
f86v5	f86
f86v3	f86
f87r	f87
f87v	f87
f88r	f88
f88v	f88
f89r1	f89
f89r2	f89
f89v2	f89
f89v1	f89
f90r1	f90
f90r2	f90
f90v2	f90
f90v1	f90
f93r	f93
f93v	f93
f94r	f94
f94v	f94
f95r1	f95
f95r2	f95
f95v2	f95
f95v1	f95
f96r	f96
f96v	f96
f99r	f99
f99v	f99
f100r	f100
f100v	f100
f101r	f101
f101v	f101
f102r1	f102
f102r2	f102
f102v2	f102
f102v1	f102
f103r	f103
f103v	f103
f104r	f104
f104v	f104
f105r	f105
f105v	f105
f106r	f106
f106v	f106
f107r	f107
f107v	f107
f108r	f108
f108v	f108
f111r	f111
f111v	f111
f112r	f112
f112v	f112
f113r	f113
f113v	f113
f114r	f114
f114v	f114
f115r	f115
f115v	f115
f116r	f116
f116v	f116
