position	support_50	support_100	support_200	support_500	support_1000	support_count	support_fraction	mean_position	mean_jump_strength	max_jump_strength	position_uncertainty
22904	1	1	1	1	1	5	1	22904	0.07626590989146236	0.09999999999999999	6
23253	1	1	1	1	0	4	0.8	23252.5	0.08604464350189811	0.09999999999999999	12.5
21501	1	1	1	0	1	4	0.8	21501.25	0.08525858712165975	0.09999999999999999	3.75
29984	1	1	1	0	1	4	0.8	29983.75	0.08425020575066722	0.09999999999999999	23.75
9886	1	1	1	1	0	4	0.8	9886.25	0.08410923017890772	0.09999999999999999	16.25
23500	1	1	1	0	1	4	0.8	23500	0.08334038830550781	0.09999999999999999	0
21003	1	1	1	1	0	4	0.8	21002.5	0.08318556210241683	0.09999999999999999	7.5
15306	1	1	1	1	0	4	0.8	15306.25	0.08311852472849965	0.09999999999999999	8.75
18490	1	1	1	1	0	4	0.8	18490	0.08306964943463697	0.09999999999999999	20
10501	1	1	1	0	1	4	0.8	10501.25	0.08299920931720993	0.09999999999999999	18.75
11384	1	1	1	0	1	4	0.8	11383.75	0.0827201052924356	0.09999999999999999	18.75
5768	1	1	1	1	0	4	0.8	5767.5	0.08231705945408671	0.09999999999999999	22.5
29738	1	1	1	1	0	4	0.8	29737.5	0.08142863311913266	0.09999999999999999	17.5
22399	1	1	1	1	0	4	0.8	22398.75	0.08079581960718318	0.09999999999999999	8.75
18005	1	1	1	0	1	4	0.8	18005	0.08071287087330793	0.09999999999999999	15
6300	1	0	1	1	1	4	0.8	6300	0.08063062429691603	0.09999999999999999	0
589	1	1	1	0	1	4	0.8	588.75	0.08038629502609894	0.1	18.75
23690	1	0	1	1	1	4	0.8	23690	0.07821255929597695	0.09999999999999999	10
7009	1	1	1	0	1	4	0.8	7008.75	0.07674029113565657	0.09999999999999999	11.25
24203	0	1	1	1	1	4	0.8	24202.5	0.07597378657238134	0.08817736011699862	7.5
913	1	1	0	1	1	4	0.8	912.5	0.0752254097757813	0.09999999999999999	17.5
3090	1	0	1	1	1	4	0.8	3090	0.07314081302677647	0.09999999999999999	10
2600	1	0	1	1	1	4	0.8	2600	0.07198576736621881	0.09999999999999999	0
14906	1	1	0	1	1	4	0.8	14906.25	0.0712473909651429	0.09999999999999999	8.75
20005	0	1	1	1	1	4	0.8	20005	0.07111408860599136	0.08867668746754798	15
2788	1	1	1	0	0	3	0.6	2788.3333333333335	0.09593997799270906	0.09999999999999999	23.333333333333485
4048	1	1	1	0	0	3	0.6	4048.3333333333335	0.0944127360364625	0.09999999999999999	11.666666666666515
18247	1	1	1	0	0	3	0.6	18246.666666666668	0.09440808788763146	0.1	13.33333333333212
21042	1	1	1	0	0	3	0.6	21041.666666666668	0.09412783386163939	0.1	3.3333333333321207
3977	1	1	1	0	0	3	0.6	3976.6666666666665	0.09387543720037315	0.09999999999999999	6.666666666666515
11917	1	1	1	0	0	3	0.6	11916.666666666666	0.09352830696334946	0.09999999999999999	6.66666666666606
24963	1	1	1	0	0	3	0.6	24963.333333333332	0.0935139734879017	0.09999999999999999	23.33333333333212
37253	1	1	1	0	0	3	0.6	37253.333333333336	0.09343418763164715	0.10000000000000002	13.333333333335759
23723	1	1	1	0	0	3	0.6	23723.333333333332	0.09323329665451509	0.09999999999999999	6.666666666667879
9738	1	1	1	0	0	3	0.6	9738.333333333334	0.09315961732312422	0.09999999999999999	13.33333333333394
5963	1	1	1	0	0	3	0.6	5963.333333333333	0.09307258508790903	0.09999999999999999	23.33333333333303
23798	1	1	1	0	0	3	0.6	23798.333333333332	0.09296793386819961	0.09999999999999999	3.3333333333321207
3220	1	1	1	0	0	3	0.6	3220	0.09277131210054083	0.09999999999999999	10
10272	1	1	1	0	0	3	0.6	10271.666666666666	0.09261616346833529	0.10000000000000002	13.33333333333394
17438	1	1	1	0	0	3	0.6	17438.333333333332	0.09225630359712526	0.09999999999999999	8.33333333333212
17322	1	1	1	0	0	3	0.6	17321.666666666668	0.09223838674093209	0.1	3.3333333333321207
29022	1	1	1	0	0	3	0.6	29021.666666666668	0.09222771696505311	0.09999999999999999	3.3333333333321207
11722	1	1	1	0	0	3	0.6	11721.666666666666	0.09206617371914919	0.09999999999999999	18.33333333333394
12810	1	1	1	0	0	3	0.6	12810	0.09177859886816359	0.09999999999999999	20
17365	1	1	1	0	0	3	0.6	17365	0.09144380108451407	0.09999999999999999	15
17278	1	1	1	0	0	3	0.6	17278.333333333332	0.09143594481452824	0.09999999999999999	13.33333333333212
5670	1	1	1	0	0	3	0.6	5670	0.09136085007312413	0.09999999999999999	10
19910	1	1	1	0	0	3	0.6	19910	0.09132479299075137	0.09999999999999999	20
15503	1	1	1	0	0	3	0.6	15503.333333333334	0.09129540361443303	0.09999999999999999	16.66666666666606
23763	1	1	1	0	0	3	0.6	23763.333333333332	0.0911792912884658	0.09999999999999999	6.666666666667879
33460	1	1	1	0	0	3	0.6	33460	0.09102830696334946	0.09999999999999999	20
16017	1	1	1	0	0	3	0.6	16016.666666666666	0.0909380908126805	0.09999999999999999	16.66666666666606
28417	1	1	1	0	0	3	0.6	28416.666666666668	0.09093334375853664	0.09999999999999999	23.33333333333212
20547	1	1	1	0	0	3	0.6	20546.666666666668	0.0905778472180288	0.09999999999999999	6.666666666667879
6347	1	1	1	0	0	3	0.6	6346.666666666667	0.0905196672029598	0.09999999999999999	13.33333333333303
18190	1	1	1	0	0	3	0.6	18190	0.09048918264213085	0.09999999999999999	20
4757	1	1	1	0	0	3	0.6	4756.666666666667	0.09042086782517463	0.09999999999999999	16.66666666666697
18575	1	1	1	0	0	3	0.6	18575	0.0901707463913728	0.09999999999999999	15
14228	1	1	1	0	0	3	0.6	14228.333333333334	0.0901434567133861	0.09999999999999999	11.66666666666606
11988	1	1	1	0	0	3	0.6	11988.333333333334	0.09012051540992376	0.09999999999999999	16.66666666666606
412	1	1	1	0	0	3	0.6	411.6666666666667	0.09002228166682645	0.09999999999999999	16.666666666666686
12165	1	1	1	0	0	3	0.6	12165	0.0899546489336367	0.09999999999999999	5
1030	1	1	1	0	0	3	0.6	1030	0.08988571427497075	0.09999999999999999	10
29413	1	1	1	0	0	3	0.6	29413.333333333332	0.08979695031060782	0.09999999999999999	13.33333333333212
26085	1	1	1	0	0	3	0.6	26085	0.08971157224695128	0.09999999999999999	15
35008	1	1	1	0	0	3	0.6	35008.333333333336	0.08961289289679295	0.09999999999999999	11.666666666664241
4438	1	1	1	0	0	3	0.6	4438.333333333333	0.08939930685098008	0.09999999999999999	13.33333333333303
20260	1	1	0	1	0	3	0.6	20260	0.08937367847775965	0.09999999999999999	20
32108	1	1	1	0	0	3	0.6	32108.333333333332	0.08932233130277048	0.09999999999999999	11.66666666666788
307	1	1	0	1	0	3	0.6	306.6666666666667	0.08918240731890605	0.09999999999999999	13.333333333333314
10242	1	1	0	1	0	3	0.6	10241.666666666666	0.08916318251864494	0.09999999999999999	16.66666666666606
34343	1	1	1	0	0	3	0.6	34343.333333333336	0.08913355953906175	0.09999999999999999	6.666666666664241
4807	1	1	1	0	0	3	0.6	4806.666666666667	0.08912496237651135	0.09999999999999999	13.33333333333303
2915	1	1	1	0	0	3	0.6	2915	0.08904875983608196	0.09999999999999999	15
23003	1	1	1	0	0	3	0.6	23003.333333333332	0.08904763711417041	0.09999999999999999	6.666666666667879
10545	1	1	0	1	0	3	0.6	10545	0.0890318171576082	0.09999999999999999	5
29925	1	1	1	0	0	3	0.6	29925	0.08895981716591488	0.09999999999999999	20
11867	1	1	1	0	0	3	0.6	11866.666666666666	0.08890889391581325	0.09999999999999999	13.33333333333394
17693	1	1	1	0	0	3	0.6	17693.333333333332	0.08863296579427715	0.09999999999999999	13.33333333333212
31892	1	1	1	0	0	3	0.6	31891.666666666668	0.08857261466722988	0.09999999999999999	13.33333333333212
3913	1	1	1	0	0	3	0.6	3913.3333333333335	0.08854445168145127	0.09999999999999999	13.333333333333485
4892	1	1	1	0	0	3	0.6	4891.666666666667	0.08853291688541165	0.09999999999999999	16.66666666666697
16537	1	1	0	1	0	3	0.6	16536.666666666668	0.088408777047786	0.09999999999999999	13.33333333333212
19837	1	1	0	1	0	3	0.6	19836.666666666668	0.0882423128394219	0.09999999999999999	16.66666666666788
23040	1	1	0	1	0	3	0.6	23040	0.08823397248635297	0.09999999999999999	10
43537	1	1	1	0	0	3	0.6	43536.666666666664	0.08823070756862705	0.09999999999999999	16.66666666666424
17150	1	1	0	1	0	3	0.6	17150	0.08819696800117119	0.09999999999999999	10
20485	1	1	1	0	0	3	0.6	20485	0.0880991682221803	0.09999999999999999	20
4602	1	1	1	0	0	3	0.6	4601.666666666667	0.08803774261779927	0.09999999999999999	13.33333333333303
38822	1	1	1	0	0	3	0.6	38821.666666666664	0.08792554737215297	0.09999999999999999	13.333333333335759
21572	1	1	1	0	0	3	0.6	21571.666666666668	0.08782565850012326	0.09999999999999999	11.66666666666788
26753	1	1	1	0	0	3	0.6	26753.333333333332	0.08776435565922715	0.09999999999999999	13.33333333333212
33072	1	1	1	0	0	3	0.6	33071.666666666664	0.08767612114672073	0.09999999999999999	16.66666666666424
6910	1	1	1	0	0	3	0.6	6910	0.08766539738545724	0.09999999999999999	10
25648	1	1	0	1	0	3	0.6	25648.333333333332	0.08759303291001892	0.09999999999999999	13.33333333333212
3850	1	1	1	0	0	3	0.6	3850	0.08753852955941173	0.09999999999999999	10
7307	1	1	0	0	1	3	0.6	7306.666666666667	0.08750189795764408	0.09999999999999999	23.33333333333303
22223	1	1	1	0	0	3	0.6	22223.333333333332	0.08743905605459117	0.09999999999999999	16.66666666666788
15872	1	1	1	0	0	3	0.6	15871.666666666666	0.08735187224001408	0.09999999999999999	8.33333333333394
23410	1	0	1	1	0	3	0.6	23410	0.08717115832652213	0.09999999999999999	10
27282	1	1	1	0	0	3	0.6	27281.666666666668	0.08714104113753025	0.09999999999999999	13.33333333333212
2492	1	1	0	1	0	3	0.6	2491.6666666666665	0.08700121359237664	0.09999999999999999	16.666666666666515
5625	1	1	1	0	0	3	0.6	5625	0.08690971736460072	0.09999999999999999	10
17740	1	1	0	1	0	3	0.6	17740	0.08689735279278696	0.09999999999999999	10
38035	1	1	1	0	0	3	0.6	38035	0.08678577811637726	0.09999999999999999	5
32070	1	1	1	0	0	3	0.6	32070	0.08677383838408752	0.09999999999999999	10
10008	1	1	1	0	0	3	0.6	10008.333333333334	0.08676381571678078	0.09999999999999999	18.33333333333394
29095	1	1	0	1	0	3	0.6	29095	0.08671819161391678	0.09999999999999999	20
8433	1	1	1	0	0	3	0.6	8433.333333333334	0.08654107980559339	0.09999999999999999	16.66666666666606
22432	1	1	1	0	0	3	0.6	22431.666666666668	0.08639450968354595	0.09999999999999999	11.66666666666788
27730	1	1	1	0	0	3	0.6	27730	0.08618539384569594	0.09999999999999999	10
37637	1	1	1	0	0	3	0.6	37636.666666666664	0.0861323185967844	0.09999999999999999	6.666666666664241
20087	1	0	1	1	0	3	0.6	20086.666666666668	0.08609901175393718	0.09999999999999999	13.33333333333212
39280	1	1	1	0	0	3	0.6	39280	0.08608984916941513	0.09999999999999999	0
36253	1	1	0	1	0	3	0.6	36253.333333333336	0.0859273821487824	0.09999999999999999	6.666666666664241
35890	1	1	0	0	1	3	0.6	35890	0.08524847070299076	0.09999999999999999	20
26185	1	1	0	0	1	3	0.6	26185	0.08499155280031148	0.09999999999999999	15
18605	1	1	0	1	0	3	0.6	18605	0.08462084751431047	0.09999999999999999	5
6162	1	1	0	1	0	3	0.6	6161.666666666667	0.08453490049216078	0.09999999999999999	11.66666666666697
34788	1	1	0	0	1	3	0.6	34788.333333333336	0.08445944575376246	0.09999999999999999	11.666666666664241
7057	1	1	0	1	0	3	0.6	7056.666666666667	0.08439082087624473	0.09999999999999999	13.33333333333303
5905	1	1	0	1	0	3	0.6	5905	0.0836624001410252	0.09999999999999999	5
38937	1	1	0	1	0	3	0.6	38936.666666666664	0.08338619267218493	0.09999999999999999	16.66666666666424
27808	1	1	0	1	0	3	0.6	27808.333333333332	0.08328735585977241	0.09999999999999999	16.66666666666788
37903	1	1	0	0	1	3	0.6	37903.333333333336	0.08310080954125514	0.09999999999999999	6.666666666664241
6552	1	1	0	1	0	3	0.6	6551.666666666667	0.08309079471471051	0.09999999999999999	8.33333333333303
7593	1	1	0	0	1	3	0.6	7593.333333333333	0.08291295088002515	0.09999999999999999	6.66666666666697
20700	1	1	0	1	0	3	0.6	20700	0.08278882153002891	0.09999999999999999	0
14395	1	1	0	1	0	3	0.6	14395	0.08272183014460932	0.09999999999999999	5
11600	1	0	1	0	1	3	0.6	11600	0.08233786638349612	0.09999999999999999	0
4302	1	0	1	0	1	3	0.6	4301.666666666667	0.08229031208924828	0.09999999999999999	3.33333333333303
9295	1	1	0	0	1	3	0.6	9295	0.08227682936007401	0.09999999999999999	5
24545	1	1	1	0	0	3	0.6	24545	0.08226671764165744	0.09999999999999999	15
30643	1	1	0	1	0	3	0.6	30643.333333333332	0.08159508813262702	0.09999999999999999	13.33333333333212
3743	1	1	0	1	0	3	0.6	3743.3333333333335	0.08149939342846757	0.09999999999999999	13.333333333333485
20348	1	0	1	1	0	3	0.6	20348.333333333332	0.08051587354549501	0.09999999999999999	13.33333333333212
3405	1	1	0	0	1	3	0.6	3405	0.08009392204948133	0.09999999999999999	10
23590	1	0	1	1	0	3	0.6	23590	0.07980137791664767	0.09999999999999999	10
23203	0	1	1	0	1	3	0.6	23203.333333333332	0.07965928551949694	0.09532833836876739	6.666666666667879
7712	1	0	1	1	0	3	0.6	7711.666666666667	0.07962221665548834	0.09999999999999999	11.66666666666697
22745	1	1	0	1	0	3	0.6	22745	0.07952521133710087	0.09999999999999999	15
7190	1	0	1	1	0	3	0.6	7190	0.07944444129459183	0.09999999999999999	10
16420	0	1	1	1	0	3	0.6	16420	0.07934507853794683	0.08777946334713271	20
2405	1	1	0	0	1	3	0.6	2405	0.07918946548632276	0.09999999999999999	5
1488	1	1	0	0	1	3	0.6	1488.3333333333333	0.07876181904999792	0.09999999999999999	11.666666666666742
25438	1	0	1	1	0	3	0.6	25438.333333333332	0.07867157593467514	0.09999999999999999	18.33333333333212
19590	1	0	0	1	1	3	0.6	19590	0.07851663214014921	0.09999999999999999	20
30900	0	1	1	1	0	3	0.6	30900	0.07809038153047469	0.08817736011699862	0
16673	1	1	1	0	0	3	0.6	16673.333333333332	0.07804550248638048	0.09999999999999999	13.33333333333212
20607	1	0	1	0	1	3	0.6	20606.666666666668	0.0779287888108275	0.09999999999999999	13.33333333333212
515	1	0	1	1	0	3	0.6	515	0.07734519545527452	0.09999999999999999	15
27457	0	1	1	1	0	3	0.6	27456.666666666668	0.07710483403372677	0.08746881286661716	23.33333333333212
10898	1	0	1	1	0	3	0.6	10898.333333333334	0.0769658203606769	0.09999999999999999	3.3333333333339397
6487	0	1	1	0	1	3	0.6	6486.666666666667	0.07693959250998231	0.09220146130309066	26.66666666666697
2843	0	1	1	1	0	3	0.6	2843.3333333333335	0.07685647228260062	0.08950067264945065	6.666666666666515
20785	1	1	0	0	1	3	0.6	20785	0.07672630483786501	0.09999999999999999	15
32207	1	1	1	0	0	3	0.6	32206.666666666668	0.07671749300087037	0.09999999999999999	13.33333333333212
13198	1	0	1	0	1	3	0.6	13198.333333333334	0.07577274658647998	0.09999999999999999	3.3333333333339397
15740	0	1	1	1	0	3	0.6	15740	0.07574346794224103	0.08419370270634918	20
5067	0	1	1	1	0	3	0.6	5066.666666666667	0.07492823757922616	0.08785270228564532	16.66666666666697
30688	1	0	1	0	1	3	0.6	30688.333333333332	0.07480524053489586	0.09999999999999999	11.66666666666788
5397	1	0	1	1	0	3	0.6	5396.666666666667	0.07447069116240622	0.09999999999999999	6.66666666666697
2710	0	1	1	1	0	3	0.6	2710	0.07415721188540288	0.0881773601169986	10
3947	0	1	1	1	0	3	0.6	3946.6666666666665	0.07401172667598067	0.08419370270634917	6.666666666666515
13700	0	1	1	0	1	3	0.6	13700	0.0737985993275569	0.09195179762781595	20
16105	1	0	0	1	1	3	0.6	16105	0.07339424013507283	0.09999999999999999	10
10210	0	1	1	0	1	3	0.6	10210	0.0732319754304205	0.08867668746754798	10
17493	0	1	1	1	0	3	0.6	17493.333333333332	0.07314952752146803	0.08419370270634918	13.33333333333212
30248	1	1	0	1	0	3	0.6	30248.333333333332	0.07307804753147883	0.09999999999999999	8.33333333333212
18987	0	1	1	0	1	3	0.6	18986.666666666668	0.07225250016172959	0.08490224995673065	26.66666666666788
17100	0	1	1	0	1	3	0.6	17100	0.07172354908492343	0.08440292260618126	0
31123	0	1	1	1	0	3	0.6	31123.333333333332	0.0711015487611391	0.08728013599658334	26.66666666666788
16900	0	1	0	1	1	3	0.6	16900	0.06856710446015842	0.08527771561447986	0
3593	0	0	1	1	1	3	0.6	3593.3333333333335	0.06329768838547938	0.07347474017229642	13.333333333333485
27093	1	1	0	0	0	2	0.4	27092.5	0.09905639062229567	0.09999999999999999	7.5
29695	1	1	0	0	0	2	0.4	29695	0.0987418541630609	0.1	15
23360	1	1	0	0	0	2	0.4	23360	0.09824865007548689	0.10000000000000002	0
16150	1	1	0	0	0	2	0.4	16150	0.09811278124459134	0.1	10
5230	1	1	0	0	0	2	0.4	5230	0.09811278124459133	0.09999999999999999	0
10138	1	1	0	0	0	2	0.4	10137.5	0.09811278124459133	0.09999999999999999	12.5
20050	1	1	0	0	0	2	0.4	20050	0.09811278124459133	0.09999999999999999	10
23835	1	1	0	0	0	2	0.4	23835	0.09811278124459133	0.09999999999999999	5
4375	1	1	0	0	0	2	0.4	4375	0.09786311756931665	0.09999999999999999	5
5190	1	1	0	0	0	2	0.4	5190	0.09786311756931665	0.09999999999999999	10
6983	1	1	0	0	0	2	0.4	6982.5	0.09786311756931665	0.09999999999999999	7.5
9680	1	1	0	0	0	2	0.4	9680	0.09786311756931665	0.09999999999999999	10
17005	1	1	0	0	0	2	0.4	17005	0.09775850761940061	0.09999999999999999	5
20443	1	1	0	0	0	2	0.4	20442.5	0.09770078865364001	0.09999999999999999	7.5
30033	1	1	0	0	0	2	0.4	30032.5	0.09770078865364001	0.09999999999999999	7.5
1175	1	1	0	0	0	2	0.4	1175	0.09748370832612178	0.09999999999999999	5
2865	1	1	0	0	0	2	0.4	2865	0.09748370832612178	0.09999999999999999	5
20650	1	1	0	0	0	2	0.4	20650	0.09748370832612178	0.09999999999999999	0
24155	1	1	0	0	0	2	0.4	24155	0.09748370832612178	0.09999999999999999	5
25290	1	1	0	0	0	2	0.4	25290	0.09748370832612178	0.09999999999999999	10
27235	1	1	0	0	0	2	0.4	27235	0.09748370832612178	0.09999999999999999	5
43193	1	1	0	0	0	2	0.4	43192.5	0.09748370832612176	0.09999999999999999	2.5
32730	1	1	0	0	0	2	0.4	32730	0.09731726587593865	0.09999999999999999	0
24908	1	1	0	0	0	2	0.4	24907.5	0.09731726587593864	0.09999999999999999	12.5
40285	1	1	0	0	0	2	0.4	40285	0.09731726587593864	0.09999999999999999	5
21878	1	1	0	0	0	2	0.4	21877.5	0.09716917186688699	0.09999999999999999	12.5
23178	1	1	0	0	0	2	0.4	23177.5	0.09715082342575554	0.09999999999999999	12.5
35833	1	1	0	0	0	2	0.4	35832.5	0.09691950819161231	0.09999999999999999	17.5
30123	1	1	0	0	0	2	0.4	30122.5	0.09666666666666666	0.09999999999999999	12.5
41218	1	1	0	0	0	2	0.4	41217.5	0.09666666666666666	0.09999999999999999	2.5
33163	1	1	0	0	0	2	0.4	33162.5	0.09643155878465832	0.09999999999999999	7.5
11428	1	1	0	0	0	2	0.4	11427.5	0.09622556248918267	0.09999999999999999	12.5
15778	1	1	0	0	0	2	0.4	15777.5	0.09622556248918267	0.09999999999999999	7.5
31743	1	1	0	0	0	2	0.4	31742.5	0.09622556248918267	0.09999999999999999	7.5
16078	1	1	0	0	0	2	0.4	16077.5	0.09622556248918265	0.09999999999999999	7.5
23650	1	1	0	0	0	2	0.4	23650	0.09622556248918265	0.09999999999999999	10
34850	1	1	0	0	0	2	0.4	34850	0.09622556248918265	0.09999999999999999	10
35098	1	1	0	0	0	2	0.4	35097.5	0.09622556248918265	0.09999999999999999	12.5
29865	1	1	0	0	0	2	0.4	29865	0.09622556248918264	0.09999999999999999	15
950	1	1	0	0	0	2	0.4	950	0.09610073065154531	0.09999999999999999	0
8305	1	1	0	0	0	2	0.4	8305	0.09610073065154531	0.09999999999999999	15
16618	1	1	0	0	0	2	0.4	16617.5	0.09610073065154531	0.09999999999999999	12.5
38610	1	1	0	0	0	2	0.4	38610	0.09605912003899954	0.09999999999999999	0
9805	1	1	0	0	0	2	0.4	9805	0.09605912003899952	0.09999999999999999	15
17798	1	1	0	0	0	2	0.4	17797.5	0.09605912003899952	0.09999999999999999	12.5
35373	1	1	0	0	0	2	0.4	35372.5	0.09605912003899952	0.09999999999999999	7.5
29790	1	1	0	0	0	2	0.4	29790	0.0960160674573947	0.09999999999999999	0
2535	1	1	0	0	0	2	0.4	2535	0.09598938007238884	0.09999999999999999	15
1275	1	1	0	0	0	2	0.4	1275	0.09597589881390797	0.09999999999999999	5
4680	1	1	0	0	0	2	0.4	4680	0.09597589881390797	0.09999999999999999	10
14103	1	1	0	0	0	2	0.4	14102.5	0.09597589881390797	0.09999999999999999	7.5
21923	1	1	0	0	0	2	0.4	21922.5	0.09597589881390797	0.09999999999999999	7.5
25028	1	1	0	0	0	2	0.4	25027.5	0.09597589881390796	0.09999999999999998	7.5
9078	1	1	0	0	0	2	0.4	9077.5	0.09595090076188177	0.09999999999999999	2.5
30843	1	1	0	0	0	2	0.4	30842.5	0.09589267758881641	0.09999999999999999	2.5
32628	1	1	0	0	0	2	0.4	32627.5	0.09589267758881641	0.09999999999999999	12.5
10828	1	1	0	0	0	2	0.4	10827.5	0.09582293762220571	0.09999999999999999	12.5
19528	1	1	0	0	0	2	0.4	19527.5	0.09582293762220571	0.09999999999999999	7.5
30495	1	1	0	0	0	2	0.4	30495	0.09582293762220571	0.09999999999999999	5
3813	1	1	0	0	0	2	0.4	3812.5	0.09581356989823134	0.09999999999999999	7.5
37185	1	1	0	0	0	2	0.4	37185	0.09581356989823134	0.09999999999999999	5
23468	1	1	0	0	0	2	0.4	23467.5	0.09577695042897502	0.09999999999999999	2.5
10993	1	0	1	0	0	2	0.4	10992.5	0.09574901812922831	0.09999999999999999	7.5
23870	1	0	1	0	0	2	0.4	23870	0.09573887507115995	0.09999999999999999	10
42340	1	1	0	0	0	2	0.4	42340	0.09572623513863329	0.09999999999999999	10
25480	1	1	0	0	0	2	0.4	25480	0.09572623513863328	0.09999999999999999	0
9445	1	1	0	0	0	2	0.4	9445	0.09569030536558376	0.09999999999999999	5
12090	1	1	0	0	0	2	0.4	12090	0.09562162518871724	0.09999999999999999	0
39195	1	1	0	0	0	2	0.4	39195	0.09562162518871724	0.09999999999999999	5
34298	1	1	0	0	0	2	0.4	34297.5	0.0955170152388012	0.09999999999999999	7.5
35920	1	1	0	0	0	2	0.4	35920	0.09524207837954442	0.09999999999999999	0
5823	1	1	0	0	0	2	0.4	5822.5	0.09513385910242667	0.09999999999999999	2.5
7558	1	1	0	0	0	2	0.4	7557.5	0.095	0.09999999999999999	12.5
15165	1	1	0	0	0	2	0.4	15165	0.09496741665224355	0.09999999999999999	5
26408	1	1	0	0	0	2	0.4	26407.5	0.09496741665224355	0.09999999999999999	2.5
34885	1	1	0	0	0	2	0.4	34885	0.09496741665224355	0.09999999999999999	5
17848	1	0	1	0	0	2	0.4	17847.5	0.09491098155383766	0.09999999999999999	12.5
2045	1	1	0	0	0	2	0.4	2045	0.09480097420206042	0.09999999999999999	5
8045	1	1	0	0	0	2	0.4	8045	0.09480097420206042	0.09999999999999999	15
11785	1	1	0	0	0	2	0.4	11785	0.09480097420206042	0.09999999999999999	5
13633	1	1	0	0	0	2	0.4	13632.5	0.09480097420206042	0.09999999999999999	2.5
15958	1	1	0	0	0	2	0.4	15957.5	0.09480097420206042	0.09999999999999999	2.5
43285	1	1	0	0	0	2	0.4	43285	0.09480097420206042	0.09999999999999999	15
43330	1	1	0	0	0	2	0.4	43330	0.0948009742020604	0.09999999999999999	10
18853	1	1	0	0	0	2	0.4	18852.5	0.09473123423544971	0.09999999999999999	17.5
43575	1	1	0	0	0	2	0.4	43575	0.09470146130309064	0.09999999999999999	5
29280	1	1	0	0	0	2	0.4	29280	0.09461592201474585	0.09999999999999999	0
9960	1	1	0	0	0	2	0.4	9960	0.09456479178526661	0.09999999999999999	10
22535	1	1	0	0	0	2	0.4	22535	0.09437434709455969	0.09999999999999999	15
6120	1	1	0	0	0	2	0.4	6120	0.09433834373377399	0.09999999999999999	10
13140	1	1	0	0	0	2	0.4	13140	0.09433834373377399	0.09999999999999999	0
13603	1	1	0	0	0	2	0.4	13602.5	0.09433834373377399	0.09999999999999999	2.5
14635	1	1	0	0	0	2	0.4	14635	0.09433834373377399	0.09999999999999999	5
21320	1	1	0	0	0	2	0.4	21320	0.09433834373377399	0.09999999999999999	0
27198	1	1	0	0	0	2	0.4	27197.5	0.09433834373377399	0.09999999999999999	12.5
29373	1	1	0	0	0	2	0.4	29372.5	0.09433834373377399	0.09999999999999999	12.5
9585	1	1	0	0	0	2	0.4	9585	0.09433834373377398	0.09999999999999999	5
14163	1	1	0	0	0	2	0.4	14162.5	0.09408868005849931	0.09999999999999999	2.5
5450	1	1	0	0	0	2	0.4	5450	0.0940886800584993	0.09999999999999999	10
7113	1	1	0	0	0	2	0.4	7112.5	0.0940886800584993	0.09999999999999999	2.5
10718	1	1	0	0	0	2	0.4	10717.5	0.0940886800584993	0.09999999999999999	7.5
11340	1	1	0	0	0	2	0.4	11340	0.0940886800584993	0.09999999999999999	10
20398	1	1	0	0	0	2	0.4	20397.5	0.0940886800584993	0.09999999999999999	12.5
26253	1	1	0	0	0	2	0.4	26252.5	0.0940886800584993	0.09999999999999999	12.5
32265	1	1	0	0	0	2	0.4	32265	0.0940886800584993	0.09999999999999999	5
37958	1	1	0	0	0	2	0.4	37957.5	0.0940886800584993	0.09999999999999999	2.5
38973	1	1	0	0	0	2	0.4	38972.5	0.0940886800584993	0.09999999999999999	7.5
39780	1	1	0	0	0	2	0.4	39780	0.0940886800584993	0.09999999999999999	0
17888	1	1	0	0	0	2	0.4	17887.5	0.09398407010858326	0.09999999999999999	2.5
19780	1	1	0	0	0	2	0.4	19780	0.09398407010858326	0.09999999999999999	10
28110	1	1	0	0	0	2	0.4	28110	0.09398407010858326	0.09999999999999999	10
40365	1	1	0	0	0	2	0.4	40365	0.09398407010858326	0.09999999999999999	5
42923	1	1	0	0	0	2	0.4	42922.5	0.09398407010858326	0.09999999999999999	2.5
31838	1	1	0	0	0	2	0.4	31837.5	0.09393155878465832	0.09999999999999999	12.5
39928	1	1	0	0	0	2	0.4	39927.5	0.09392635114282266	0.09999999999999999	12.5
36355	1	1	0	0	0	2	0.4	36355	0.09388973167356637	0.09999999999999999	5
25340	1	1	0	0	0	2	0.4	25340	0.09383901638322462	0.09999999999999999	10
23998	1	0	1	0	0	2	0.4	23997.5	0.09380574120915153	0.09999999999999999	2.5
22318	1	1	0	0	0	2	0.4	22317.5	0.09373440643330858	0.09999999999999999	12.5
9218	1	1	0	0	0	2	0.4	9217.5	0.09371932506250609	0.09999999999999999	12.5
27520	1	1	0	0	0	2	0.4	27520	0.09367668746754798	0.09999999999999999	10
29188	1	1	0	0	0	2	0.4	29187.5	0.09367668746754798	0.09999999999999999	12.5
26983	1	1	0	0	0	2	0.4	26982.5	0.09364006799829167	0.09999999999999999	12.5
35418	1	1	0	0	0	2	0.4	35417.5	0.09364006799829167	0.09999999999999999	12.5
28820	1	0	1	0	0	2	0.4	28820	0.09348871872656243	0.09999999999999999	0
713	1	1	0	0	0	2	0.4	712.5	0.09348474275803388	0.09999999999999999	12.5
40005	1	1	0	0	0	2	0.4	40005	0.09348474275803388	0.09999999999999999	5
8083	1	1	0	0	0	2	0.4	8082.5	0.09348474275803387	0.09999999999999999	2.5
29558	1	1	0	0	0	2	0.4	29557.5	0.09347308839851061	0.09999999999999999	12.5
43485	1	1	0	0	0	2	0.4	43485	0.09343460908800355	0.09999999999999999	15
4555	1	1	0	0	0	2	0.4	4555	0.09342702379227327	0.09999999999999999	5
35310	1	1	0	0	0	2	0.4	35310	0.09339040432301698	0.09999999999999999	0
30058	1	0	1	0	0	2	0.4	30057.5	0.09325239874379065	0.09999999999999999	2.5
16853	1	0	1	0	0	2	0.4	16852.5	0.09324238597297835	0.09999999999999999	7.5
11820	1	0	1	0	0	2	0.4	11820	0.09322599673155131	0.09999999999999999	0
17198	1	1	0	0	0	2	0.4	17197.5	0.09314020349814435	0.09999999999999999	7.5
4233	1	1	0	0	0	2	0.4	4232.5	0.09311278124459132	0.09999999999999999	2.5
11540	1	1	0	0	0	2	0.4	11540	0.09311278124459132	0.09999999999999999	0
41523	1	1	0	0	0	2	0.4	41522.5	0.09311278124459132	0.09999999999999999	2.5
26000	1	1	0	0	0	2	0.4	26000	0.09310172418763729	0.09999999999999999	10
11503	1	1	0	0	0	2	0.4	11502.5	0.09302023884315762	0.09999999999999999	7.5
22943	1	1	0	0	0	2	0.4	22942.5	0.09302023884315762	0.09999999999999999	2.5
660	1	1	0	0	0	2	0.4	660	0.09286311756931664	0.09999999999999999	10
14740	1	0	1	0	0	2	0.4	14740	0.09272578670566621	0.09999999999999999	0
15220	1	1	0	0	0	2	0.4	15220	0.09270078865364001	0.09999999999999999	10
23083	1	1	0	0	0	2	0.4	23082.5	0.09265712127384099	0.09999999999999999	12.5
15435	1	0	1	0	0	2	0.4	15435	0.09262922178807172	0.09999999999999999	5
12853	1	1	0	0	0	2	0.4	12852.5	0.09247998446124561	0.09999999999999999	2.5
358	1	1	0	0	0	2	0.4	357.5	0.09245112497836533	0.09999999999999999	2.5
21470	1	1	0	0	0	2	0.4	21470	0.09245112497836533	0.09999999999999999	0
38680	1	1	0	0	0	2	0.4	38680	0.09245112497836533	0.09999999999999999	10
790	1	1	0	0	0	2	0.4	790	0.09245112497836531	0.09999999999999999	0
15040	1	1	0	0	0	2	0.4	15040	0.09245112497836531	0.09999999999999999	10
19148	1	1	0	0	0	2	0.4	19147.5	0.09245112497836531	0.09999999999999999	7.5
28705	1	1	0	0	0	2	0.4	28705	0.09245112497836531	0.09999999999999999	5
40140	1	1	0	0	0	2	0.4	40140	0.09245112497836531	0.09999999999999999	0
40615	1	1	0	0	0	2	0.4	40615	0.09245112497836531	0.09999999999999999	5
30465	1	0	1	0	0	2	0.4	30465	0.09236561711772488	0.09999999999999999	15
25210	1	0	1	0	0	2	0.4	25210	0.09230284764865027	0.09999999999999999	10
17405	1	1	0	0	0	2	0.4	17405	0.09228468252818219	0.09999999999999999	5
30203	1	1	0	0	0	2	0.4	30202.5	0.09228468252818219	0.09999999999999999	7.5
33528	1	0	1	0	0	2	0.4	33527.5	0.09225828051594283	0.09999999999999999	12.5
22010	1	1	0	0	0	2	0.4	22010	0.09221494256157149	0.09999999999999999	10
24320	1	0	1	0	0	2	0.4	24320	0.09221494256157149	0.09999999999999999	0
24628	1	1	0	0	0	2	0.4	24627.5	0.09220146130309063	0.09999999999999999	7.5
27850	1	1	0	0	0	2	0.4	27850	0.09220146130309063	0.09999999999999999	10
1565	1	1	0	0	0	2	0.4	1565	0.09220146130309062	0.09999999999999999	5
9035	1	1	0	0	0	2	0.4	9035	0.09220146130309062	0.09999999999999999	5
9385	1	1	0	0	0	2	0.4	9385	0.09220146130309062	0.09999999999999999	5
14950	1	1	0	0	0	2	0.4	14950	0.09220146130309062	0.09999999999999999	10
40250	1	1	0	0	0	2	0.4	40250	0.09220146130309062	0.09999999999999999	10
13088	1	1	0	0	0	2	0.4	13087.5	0.09214915632813261	0.09999999999999999	12.5
2445	1	1	0	0	0	2	0.4	2445	0.09213688243068335	0.09999999999999999	5
20123	1	0	1	0	0	2	0.4	20122.5	0.0921147683167753	0.09999999999999999	2.5
15373	1	1	0	0	0	2	0.4	15372.5	0.0920968513531746	0.09999999999999999	12.5
1333	1	1	0	0	0	2	0.4	1332.5	0.09209685135317458	0.09999999999999999	12.5
10650	1	1	0	0	0	2	0.4	10650	0.09209685135317458	0.09999999999999999	0
13235	1	1	0	0	0	2	0.4	13235	0.09209685135317458	0.09999999999999999	5
40098	1	1	0	0	0	2	0.4	40097.5	0.09209685135317458	0.09999999999999999	7.5
43378	1	1	0	0	0	2	0.4	43377.5	0.09209685135317458	0.09999999999999999	12.5
15640	1	0	1	0	0	2	0.4	15640	0.09198119458711514	0.09999999999999999	0
9345	1	0	1	0	0	2	0.4	9345	0.0918412917151493	0.09999999999999999	5
14845	1	0	1	0	0	2	0.4	14845	0.09173639346322776	0.09999999999999999	15
38578	1	0	1	0	0	2	0.4	38577.5	0.09143277088542173	0.09999999999999999	2.5
14010	1	1	0	0	0	2	0.4	14010	0.0910988261953113	0.1	10
53	1	1	0	0	0	2	0.4	52.5	0.09104842567658729	0.09999999999999999	7.5
2643	1	1	0	0	0	2	0.4	2642.5	0.09097589881390797	0.09999999999999999	2.5
16953	1	0	1	0	0	2	0.4	16952.5	0.0907980740242471	0.09999999999999999	12.5
17638	1	0	0	1	0	2	0.4	17637.5	0.09031395694175075	0.09999999999999999	12.5
27643	1	1	0	0	0	2	0.4	27642.5	0.09024797434229503	0.09999999999999999	12.5
33610	1	1	0	0	0	2	0.4	33610	0.0899348333044871	0.09999999999999999	10
22165	1	0	1	0	0	2	0.4	22165	0.08985640475222581	0.09999999999999999	5
6615	1	0	1	0	0	2	0.4	6615	0.08980520620596402	0.09999999999999999	5
29603	1	0	1	0	0	2	0.4	29602.5	0.08962029684525233	0.09999999999999999	2.5
38510	1	1	0	0	0	2	0.4	38510	0.08955889582251601	0.09999999999999999	10
35693	1	0	1	0	0	2	0.4	35692.5	0.08942676245112194	0.09999999999999999	7.5
37548	1	0	1	0	0	2	0.4	37547.5	0.08894574483520074	0.09999999999999999	7.5
21960	1	0	1	0	0	2	0.4	21960	0.08886056228394952	0.1	0
21673	1	0	1	0	0	2	0.4	21672.5	0.08882477101003645	0.09999999999999999	7.5
34140	1	0	1	0	0	2	0.4	34140	0.08865263163164117	0.09999999999999999	0
11288	1	0	1	0	0	2	0.4	11287.5	0.08858605721920744	0.09999999999999999	7.5
8980	1	0	1	0	0	2	0.4	8980	0.08856069957403655	0.09999999999999999	0
5133	1	0	1	0	0	2	0.4	5132.5	0.08846122538157006	0.09999999999999999	12.5
18648	1	0	1	0	0	2	0.4	18647.5	0.08836159696944837	0.09999999999999999	12.5
17588	1	0	1	0	0	2	0.4	17587.5	0.08831944738987951	0.09999999999999999	7.5
6220	1	0	1	0	0	2	0.4	6220	0.08830219195463596	0.09999999999999999	0
10098	1	0	1	0	0	2	0.4	10097.5	0.08796427781083493	0.09999999999999999	2.5
30570	1	0	1	0	0	2	0.4	30570	0.08794250433864265	0.09999999999999999	10
8385	1	0	1	0	0	2	0.4	8385	0.08790779702247947	0.09999999999999999	5
16510	1	0	1	0	0	2	0.4	16510	0.08785035629007192	0.09999999999999999	10
10585	1	0	1	0	0	2	0.4	10585	0.08769988857391069	0.09999999999999999	5
13818	1	0	1	0	0	2	0.4	13817.5	0.08760270649989454	0.09999999999999999	2.5
24508	1	0	1	0	0	2	0.4	24507.5	0.08758823071345193	0.09999999999999999	12.5
93	1	1	0	0	0	2	0.4	92.5	0.08751570385077258	0.09999999999999999	7.5
32165	1	1	0	0	0	2	0.4	32165	0.08750089595385385	0.09999999999999999	5
4490	1	0	1	0	0	2	0.4	4490	0.08744769502504199	0.09999999999999999	10
12040	1	0	1	0	0	2	0.4	12040	0.0874231614493389	0.09999999999999999	0
41583	1	0	1	0	0	2	0.4	41582.5	0.0873988200034073	0.09999999999999999	2.5
8133	1	0	1	0	0	2	0.4	8132.5	0.08702432449049527	0.09999999999999999	7.5
10168	1	0	1	0	0	2	0.4	10167.5	0.086869998761861	0.09999999999999999	7.5
37595	1	0	0	1	0	2	0.4	37595	0.08680610695869677	0.09999999999999999	5
9643	1	0	0	1	0	2	0.4	9642.5	0.08670778676522713	0.09999999999999999	7.5
18145	0	1	1	0	0	2	0.4	18145	0.08667518662275414	0.09195179762781597	5
23295	0	1	1	0	0	2	0.4	23295	0.08641497319922731	0.08767803276644924	5
15925	0	1	1	0	0	2	0.4	15925	0.08612781244591332	0.09245112497836533	5
13005	0	1	1	0	0	2	0.4	13005	0.08604061525229319	0.09174257772798386	25
19355	0	1	1	0	0	2	0.4	19355	0.085558669203826	0.08735337493509596	25
6795	1	0	0	1	0	2	0.4	6795	0.08528553883800588	0.09999999999999999	5
41285	0	1	1	0	0	2	0.4	41285	0.08502625359902474	0.09195179762781594	25
30355	0	1	1	0	0	2	0.4	30355	0.08493375746561813	0.08652096599191432	5
28880	0	1	1	0	0	2	0.4	28880	0.084688493674879	0.09195179762781595	20
18430	0	1	1	0	0	2	0.4	18430	0.08453659838794453	0.09551701523880121	10
29475	0	1	1	0	0	2	0.4	29475	0.08448043100665492	0.08455793940712857	25
23620	0	1	1	0	0	2	0.4	23620	0.0843758408118133	0.08572623513863328	0
22088	1	0	0	0	1	2	0.4	22087.5	0.08424411890686369	0.09999999999999999	12.5
25545	0	1	1	0	0	2	0.4	25545	0.08424235162394254	0.09162713979646268	15
35150	0	1	1	0	0	2	0.4	35150	0.08378150376643095	0.08622556248918267	10
25123	1	0	1	0	0	2	0.4	25122.5	0.08348244295243538	0.09999999999999999	2.5
34200	0	1	1	0	0	2	0.4	34200	0.08347322104566633	0.0867945284593273	20
23953	1	0	0	1	0	2	0.4	23952.5	0.0834713917501023	0.09999999999999999	2.5
10620	0	1	1	0	0	2	0.4	10620	0.08330002669167047	0.0910340304776024	0
16205	0	1	1	0	0	2	0.4	16205	0.08317736011699862	0.0881773601169986	15
36480	1	0	1	0	0	2	0.4	36480	0.0831192265869871	0.09999999999999999	0
19960	0	1	1	0	0	2	0.4	19960	0.08295326043586174	0.08796814021716652	0
31038	1	0	0	1	0	2	0.4	31037.5	0.08290570499479424	0.09999999999999999	12.5
6820	0	1	1	0	0	2	0.4	6820	0.08286442182724585	0.09195179762781595	0
2175	0	1	1	0	0	2	0.4	2175	0.08281577290965247	0.08867668746754799	5
5520	0	1	0	1	0	2	0.4	5520	0.08280631666115809	0.09245112497836533	30
18693	1	0	0	1	0	2	0.4	18692.5	0.08265326695275627	0.09999999999999999	7.5
6645	0	1	0	1	0	2	0.4	6645	0.08262588505478566	0.09195179762781595	5
12420	0	1	0	0	1	2	0.4	12420	0.08260478836768338	0.09551701523880121	20
21095	0	1	1	0	0	2	0.4	21095	0.08255302653314228	0.08725959296678505	5
32025	0	1	1	0	0	2	0.4	32025	0.08246531102890774	0.08796814021716653	5
22845	0	1	1	0	0	2	0.4	22845	0.0824231614493389	0.08767803276644923	5
4850	0	1	1	0	0	2	0.4	4850	0.08233697735356096	0.08551701523880122	10
32325	0	1	1	0	0	2	0.4	32325	0.08232718909458184	0.0881773601169986	15
20195	0	1	1	0	0	2	0.4	20195	0.08221662914396755	0.09155390085795007	25
38445	0	1	1	0	0	2	0.4	38445	0.08193498217408925	0.08440292260618128	15
33695	1	0	0	1	0	2	0.4	33695	0.0819212716605016	0.09999999999999999	5
39110	0	1	1	0	0	2	0.4	39110	0.0818323541646222	0.09000000000000001	10
755	1	0	0	1	0	2	0.4	755	0.08182700154518105	0.09999999999999999	5
25835	0	1	1	0	0	2	0.4	25835	0.08180239544355491	0.08767803276644923	5
28945	0	1	1	0	0	2	0.4	28945	0.08175114343875678	0.08867668746754799	5
13898	1	0	0	1	0	2	0.4	13897.5	0.08168862244952146	0.09999999999999999	2.5
16260	0	1	1	0	0	2	0.4	16260	0.08168034072527457	0.08785270228564535	0
3500	0	1	1	0	0	2	0.4	3500	0.08163146570363988	0.08796814021716653	0
37760	0	1	1	0	0	2	0.4	37760	0.08159402216491582	0.08622556248918267	20
19680	0	1	1	0	0	2	0.4	19680	0.08157421297512835	0.08419370270634918	0
4645	0	1	1	0	0	2	0.4	4645	0.08149093001522995	0.08572623513863328	5
10793	1	0	0	1	0	2	0.4	10792.5	0.08135242253770496	0.09999999999999999	7.5
39150	1	0	0	1	0	2	0.4	39150	0.08124708147102311	0.09999999999999999	0
26943	1	0	0	1	0	2	0.4	26942.5	0.08124031651198262	0.09999999999999999	7.5
33295	0	1	1	0	0	2	0.4	33295	0.08079250006009239	0.08767803276644924	5
18910	0	1	0	1	0	2	0.4	18910	0.08072417410984156	0.09245112497836534	10
25160	0	1	1	0	0	2	0.4	25160	0.08071329402337432	0.08702029334246371	0
5258	1	0	0	1	0	2	0.4	5257.5	0.0803872918842599	0.09999999999999999	7.5
24848	1	0	0	1	0	2	0.4	24847.5	0.08036133033487264	0.09999999999999999	2.5
13403	1	0	0	1	0	2	0.4	13402.5	0.0802506739290672	0.09999999999999999	2.5
20840	0	1	0	1	0	2	0.4	20840	0.08010208834574235	0.0881773601169986	10
10695	1	0	0	1	0	2	0.4	10695	0.08004727311691481	0.09999999999999999	5
9163	1	0	0	1	0	2	0.4	9162.5	0.08004461438907129	0.09999999999999999	12.5
1925	0	1	1	0	0	2	0.4	1925	0.08002618171463866	0.08490224995673064	25
28155	0	1	1	0	0	2	0.4	28155	0.07998734325312022	0.08867668746754799	15
14540	0	1	1	0	0	2	0.4	14540	0.07904175338146707	0.088676687467548	0
860	0	1	1	0	0	2	0.4	860	0.07889067450187341	0.08440292260618126	20
12930	0	1	0	1	0	2	0.4	12930	0.07877206097221137	0.0912432503774345	20
26588	1	0	1	0	0	2	0.4	26587.5	0.07868834182707125	0.09999999999999999	12.5
5725	0	1	0	0	1	2	0.4	5725	0.07865206147836433	0.09124325037743448	25
42848	1	0	0	1	0	2	0.4	42847.5	0.07801949538898008	0.09999999999999999	2.5
160	0	1	1	0	0	2	0.4	160	0.07787719613036677	0.08754887502163469	20
24265	0	1	0	1	0	2	0.4	24265	0.077638363773003	0.0881773601169986	15
27045	0	1	1	0	0	2	0.4	27045	0.07759336647090148	0.08490224995673064	5
12603	1	0	0	0	1	2	0.4	12602.5	0.07706829243634589	0.09999999999999999	2.5
37690	0	1	0	1	0	2	0.4	37690	0.0770554624213554	0.08622556248918267	10
2955	0	1	0	1	0	2	0.4	2955	0.07662323611992478	0.0881773601169986	5
26703	1	0	1	0	0	2	0.4	26702.5	0.07643127915156753	0.09999999999999999	2.5
14690	0	1	0	0	1	2	0.4	14690	0.07637883113328632	0.09065667673753479	10
24390	1	0	1	0	0	2	0.4	24390	0.07619087351809037	0.09999999999999999	10
16295	1	0	0	1	0	2	0.4	16295	0.07587916025971675	0.09999999999999999	5
4255	0	1	0	1	0	2	0.4	4255	0.07527972139818705	0.08572623513863328	5
6035	0	1	0	1	0	2	0.4	6035	0.07514682758868774	0.08440292260618128	15
37360	0	1	0	1	0	2	0.4	37360	0.07513642682821586	0.08867668746754798	10
40193	1	0	0	1	0	2	0.4	40192.5	0.07458225731861165	0.09999999999999999	7.5
27990	0	1	0	1	0	2	0.4	27990	0.07433299862351331	0.08867668746754799	10
10050	0	1	0	1	0	2	0.4	10050	0.07318224275671645	0.08540157730728001	0
38650	0	1	0	1	0	2	0.4	38650	0.07316191081227463	0.08490224995673064	0
24050	0	1	0	1	0	2	0.4	24050	0.07223215398724271	0.08817736011699863	0
5315	0	1	0	0	1	2	0.4	5315	0.07029973027122001	0.09572623513863329	15
36803	1	0	0	0	1	2	0.4	36802.5	0.06969407511609231	0.09999999999999999	2.5
16720	0	1	0	0	1	2	0.4	16720	0.06959420906363292	0.0881773601169986	20
3345	0	0	1	1	0	2	0.4	3345	0.06911165234558414	0.07655479366639127	5
6095	0	1	0	0	1	2	0.4	6095	0.06909311187981694	0.08490224995673064	5
23910	0	1	0	0	1	2	0.4	23910	0.0689198939457598	0.08440292260618126	10
15090	0	1	0	0	1	2	0.4	15090	0.06890616651481578	0.08490224995673065	10
10355	0	0	1	1	0	2	0.4	10355	0.0687844795816819	0.07598658302674097	5
35265	0	0	1	1	0	2	0.4	35265	0.06874141481901598	0.07733061904790517	15
31370	0	1	0	1	0	2	0.4	31370	0.06840291632095402	0.08817736011699862	20
4705	0	1	0	0	1	2	0.4	4705	0.06711054114070708	0.09245112497836533	5
36075	1	0	1	0	0	2	0.4	36075	0.0662942226554302	0.09999999999999999	5
7235	0	1	0	1	0	2	0.4	7235	0.0644072703436737	0.09162713979646268	15
35575	0	0	0	1	1	2	0.4	35575	0.05736559016453323	0.06263333869625175	25
24595	0	1	0	0	1	2	0.4	24595	0.054984657852929254	0.08440292260618128	5
33720	0	1	0	0	0	1	0.2	33720	0.10000000000000002	0.10000000000000002	0
41620	0	1	0	0	0	1	0.2	41620	0.10000000000000002	0.10000000000000002	0
13950	1	0	0	0	0	1	0.2	13950	0.1	0.1	0
21280	1	0	0	0	0	1	0.2	21280	0.1	0.1	0
24790	1	0	0	0	0	1	0.2	24790	0.1	0.1	0
28545	1	0	0	0	0	1	0.2	28545	0.1	0.1	0
28595	1	0	0	0	0	1	0.2	28595	0.1	0.1	0
33755	1	0	0	0	0	1	0.2	33755	0.09999999999999999	0.1	0
240	1	0	0	0	0	1	0.2	240	0.09999999999999999	0.09999999999999999	0
625	1	0	0	0	0	1	0.2	625	0.09999999999999999	0.09999999999999999	0
1070	1	0	0	0	0	1	0.2	1070	0.09999999999999999	0.09999999999999999	0
1100	1	0	0	0	0	1	0.2	1100	0.09999999999999999	0.09999999999999999	0
1240	1	0	0	0	0	1	0.2	1240	0.09999999999999999	0.09999999999999999	0
1515	1	0	0	0	0	1	0.2	1515	0.09999999999999999	0.09999999999999999	0
1760	1	0	0	0	0	1	0.2	1760	0.09999999999999999	0.09999999999999999	0
1860	1	0	0	0	0	1	0.2	1860	0.09999999999999999	0.09999999999999999	0
2015	1	0	0	0	0	1	0.2	2015	0.09999999999999999	0.09999999999999999	0
2095	1	0	0	0	0	1	0.2	2095	0.09999999999999999	0.09999999999999999	0
2330	1	0	0	0	0	1	0.2	2330	0.09999999999999999	0.09999999999999999	0
3170	1	0	0	0	0	1	0.2	3170	0.09999999999999999	0.09999999999999999	0
3690	1	0	0	0	0	1	0.2	3690	0.09999999999999999	0.09999999999999999	0
4115	1	0	0	0	0	1	0.2	4115	0.09999999999999999	0.09999999999999999	0
4195	1	0	0	0	0	1	0.2	4195	0.09999999999999999	0.09999999999999999	0
4925	1	0	0	0	0	1	0.2	4925	0.09999999999999999	0.09999999999999999	0
4975	1	0	0	0	0	1	0.2	4975	0.09999999999999999	0.09999999999999999	0
5600	1	0	0	0	0	1	0.2	5600	0.09999999999999999	0.09999999999999999	0
6250	1	0	0	0	0	1	0.2	6250	0.09999999999999999	0.09999999999999999	0
6410	1	0	0	0	0	1	0.2	6410	0.09999999999999999	0.09999999999999999	0
7420	1	0	0	0	0	1	0.2	7420	0.09999999999999999	0.09999999999999999	0
7750	1	0	0	0	0	1	0.2	7750	0.09999999999999999	0.09999999999999999	0
7870	1	0	0	0	0	1	0.2	7870	0.09999999999999999	0.09999999999999999	0
8160	1	0	0	0	0	1	0.2	8160	0.09999999999999999	0.09999999999999999	0
8470	1	0	0	0	0	1	0.2	8470	0.09999999999999999	0.09999999999999999	0
8505	1	0	0	0	0	1	0.2	8505	0.09999999999999999	0.09999999999999999	0
8545	1	0	0	0	0	1	0.2	8545	0.09999999999999999	0.09999999999999999	0
8885	1	0	0	0	0	1	0.2	8885	0.09999999999999999	0.09999999999999999	0
9255	1	0	0	0	0	1	0.2	9255	0.09999999999999999	0.09999999999999999	0
9490	1	0	0	0	0	1	0.2	9490	0.09999999999999999	0.09999999999999999	0
9535	1	0	0	0	0	1	0.2	9535	0.09999999999999999	0.09999999999999999	0
9845	1	0	0	0	0	1	0.2	9845	0.09999999999999999	0.09999999999999999	0
9920	1	0	0	0	0	1	0.2	9920	0.09999999999999999	0.09999999999999999	0
10315	1	0	0	0	0	1	0.2	10315	0.09999999999999999	0.09999999999999999	0
10430	1	0	0	0	0	1	0.2	10430	0.09999999999999999	0.09999999999999999	0
11110	1	0	0	0	0	1	0.2	11110	0.09999999999999999	0.09999999999999999	0
11455	1	0	0	0	0	1	0.2	11455	0.09999999999999999	0.09999999999999999	0
11680	1	0	0	0	0	1	0.2	11680	0.09999999999999999	0.09999999999999999	0
12200	1	0	0	0	0	1	0.2	12200	0.09999999999999999	0.09999999999999999	0
12490	1	0	0	0	0	1	0.2	12490	0.09999999999999999	0.09999999999999999	0
12655	1	0	0	0	0	1	0.2	12655	0.09999999999999999	0.09999999999999999	0
13500	1	0	0	0	0	1	0.2	13500	0.09999999999999999	0.09999999999999999	0
14050	1	0	0	0	0	1	0.2	14050	0.09999999999999999	0.09999999999999999	0
14135	1	0	0	0	0	1	0.2	14135	0.09999999999999999	0.09999999999999999	0
14320	1	0	0	0	0	1	0.2	14320	0.09999999999999999	0.09999999999999999	0
14455	1	0	0	0	0	1	0.2	14455	0.09999999999999999	0.09999999999999999	0
17510	1	0	0	0	0	1	0.2	17510	0.09999999999999999	0.09999999999999999	0
18070	1	0	0	0	0	1	0.2	18070	0.09999999999999999	0.09999999999999999	0
18110	1	0	0	0	0	1	0.2	18110	0.09999999999999999	0.09999999999999999	0
18790	1	0	0	0	0	1	0.2	18790	0.09999999999999999	0.09999999999999999	0
19020	1	0	0	0	0	1	0.2	19020	0.09999999999999999	0.09999999999999999	0
19120	1	0	0	0	0	1	0.2	19120	0.09999999999999999	0.09999999999999999	0
19290	1	0	0	0	0	1	0.2	19290	0.09999999999999999	0.09999999999999999	0
19450	1	0	0	0	0	1	0.2	19450	0.09999999999999999	0.09999999999999999	0
20305	1	0	0	0	0	1	0.2	20305	0.09999999999999999	0.09999999999999999	0
20745	1	0	0	0	0	1	0.2	20745	0.09999999999999999	0.09999999999999999	0
20930	1	0	0	0	0	1	0.2	20930	0.09999999999999999	0.09999999999999999	0
21210	1	0	0	0	0	1	0.2	21210	0.09999999999999999	0.09999999999999999	0
21380	1	0	0	0	0	1	0.2	21380	0.09999999999999999	0.09999999999999999	0
21440	1	0	0	0	0	1	0.2	21440	0.09999999999999999	0.09999999999999999	0
21720	1	0	0	0	0	1	0.2	21720	0.09999999999999999	0.09999999999999999	0
21825	1	0	0	0	0	1	0.2	21825	0.09999999999999999	0.09999999999999999	0
22475	1	0	0	0	0	1	0.2	22475	0.09999999999999999	0.09999999999999999	0
22650	1	0	0	0	0	1	0.2	22650	0.09999999999999999	0.09999999999999999	0
22800	1	0	0	0	0	1	0.2	22800	0.09999999999999999	0.09999999999999999	0
23135	1	0	0	0	0	1	0.2	23135	0.09999999999999999	0.09999999999999999	0
23325	1	0	0	0	0	1	0.2	23325	0.09999999999999999	0.09999999999999999	0
24085	1	0	0	0	0	1	0.2	24085	0.09999999999999999	0.09999999999999999	0
24440	1	0	0	0	0	1	0.2	24440	0.09999999999999999	0.09999999999999999	0
25065	1	0	0	0	0	1	0.2	25065	0.09999999999999999	0.09999999999999999	0
25680	1	0	0	0	0	1	0.2	25680	0.09999999999999999	0.09999999999999999	0
25755	1	0	0	0	0	1	0.2	25755	0.09999999999999999	0.09999999999999999	0
26130	1	0	0	0	0	1	0.2	26130	0.09999999999999999	0.09999999999999999	0
26310	1	0	0	0	0	1	0.2	26310	0.09999999999999999	0.09999999999999999	0
26375	1	0	0	0	0	1	0.2	26375	0.09999999999999999	0.09999999999999999	0
26450	1	0	0	0	0	1	0.2	26450	0.09999999999999999	0.09999999999999999	0
26905	1	0	0	0	0	1	0.2	26905	0.09999999999999999	0.09999999999999999	0
27145	1	0	0	0	0	1	0.2	27145	0.09999999999999999	0.09999999999999999	0
27370	1	0	0	0	0	1	0.2	27370	0.09999999999999999	0.09999999999999999	0
27770	1	0	0	0	0	1	0.2	27770	0.09999999999999999	0.09999999999999999	0
28035	1	0	0	0	0	1	0.2	28035	0.09999999999999999	0.09999999999999999	0
28210	1	0	0	0	0	1	0.2	28210	0.09999999999999999	0.09999999999999999	0
28310	1	0	0	0	0	1	0.2	28310	0.09999999999999999	0.09999999999999999	0
28515	1	0	0	0	0	1	0.2	28515	0.09999999999999999	0.09999999999999999	0
28675	1	0	0	0	0	1	0.2	28675	0.09999999999999999	0.09999999999999999	0
28990	1	0	0	0	0	1	0.2	28990	0.09999999999999999	0.09999999999999999	0
30285	1	0	0	0	0	1	0.2	30285	0.09999999999999999	0.09999999999999999	0
30395	1	0	0	0	0	1	0.2	30395	0.09999999999999999	0.09999999999999999	0
30600	1	0	0	0	0	1	0.2	30600	0.09999999999999999	0.09999999999999999	0
30805	1	0	0	0	0	1	0.2	30805	0.09999999999999999	0.09999999999999999	0
31065	1	0	0	0	0	1	0.2	31065	0.09999999999999999	0.09999999999999999	0
31205	1	0	0	0	0	1	0.2	31205	0.09999999999999999	0.09999999999999999	0
31265	1	0	0	0	0	1	0.2	31265	0.09999999999999999	0.09999999999999999	0
31485	1	0	0	0	0	1	0.2	31485	0.09999999999999999	0.09999999999999999	0
31525	1	0	0	0	0	1	0.2	31525	0.09999999999999999	0.09999999999999999	0
31615	1	0	0	0	0	1	0.2	31615	0.09999999999999999	0.09999999999999999	0
32410	1	0	0	0	0	1	0.2	32410	0.09999999999999999	0.09999999999999999	0
32460	1	0	0	0	0	1	0.2	32460	0.09999999999999999	0.09999999999999999	0
32540	1	0	0	0	0	1	0.2	32540	0.09999999999999999	0.09999999999999999	0
32660	1	0	0	0	0	1	0.2	32660	0.09999999999999999	0.09999999999999999	0
32700	1	0	0	0	0	1	0.2	32700	0.09999999999999999	0.09999999999999999	0
32870	1	0	0	0	0	1	0.2	32870	0.09999999999999999	0.09999999999999999	0
33315	1	0	0	0	0	1	0.2	33315	0.09999999999999999	0.09999999999999999	0
33360	1	0	0	0	0	1	0.2	33360	0.09999999999999999	0.09999999999999999	0
33410	1	0	0	0	0	1	0.2	33410	0.09999999999999999	0.09999999999999999	0
33945	1	0	0	0	0	1	0.2	33945	0.09999999999999999	0.09999999999999999	0
34070	1	0	0	0	0	1	0.2	34070	0.09999999999999999	0.09999999999999999	0
34110	1	0	0	0	0	1	0.2	34110	0.09999999999999999	0.09999999999999999	0
34230	1	0	0	0	0	1	0.2	34230	0.09999999999999999	0.09999999999999999	0
34455	1	0	0	0	0	1	0.2	34455	0.09999999999999999	0.09999999999999999	0
34535	1	0	0	0	0	1	0.2	34535	0.09999999999999999	0.09999999999999999	0
34605	1	0	0	0	0	1	0.2	34605	0.09999999999999999	0.09999999999999999	0
34735	1	0	0	0	0	1	0.2	34735	0.09999999999999999	0.09999999999999999	0
34935	1	0	0	0	0	1	0.2	34935	0.09999999999999999	0.09999999999999999	0
35045	1	0	0	0	0	1	0.2	35045	0.09999999999999999	0.09999999999999999	0
35190	1	0	0	0	0	1	0.2	35190	0.09999999999999999	0.09999999999999999	0
35455	1	0	0	0	0	1	0.2	35455	0.09999999999999999	0.09999999999999999	0
35640	1	0	0	0	0	1	0.2	35640	0.09999999999999999	0.09999999999999999	0
35965	1	0	0	0	0	1	0.2	35965	0.09999999999999999	0.09999999999999999	0
36125	1	0	0	0	0	1	0.2	36125	0.09999999999999999	0.09999999999999999	0
36180	1	0	0	0	0	1	0.2	36180	0.09999999999999999	0.09999999999999999	0
36610	1	0	0	0	0	1	0.2	36610	0.09999999999999999	0.09999999999999999	0
36935	1	0	0	0	0	1	0.2	36935	0.09999999999999999	0.09999999999999999	0
37100	1	0	0	0	0	1	0.2	37100	0.09999999999999999	0.09999999999999999	0
37320	1	0	0	0	0	1	0.2	37320	0.09999999999999999	0.09999999999999999	0
37450	1	0	0	0	0	1	0.2	37450	0.09999999999999999	0.09999999999999999	0
37870	1	0	0	0	0	1	0.2	37870	0.09999999999999999	0.09999999999999999	0
38245	1	0	0	0	0	1	0.2	38245	0.09999999999999999	0.09999999999999999	0
38325	1	0	0	0	0	1	0.2	38325	0.09999999999999999	0.09999999999999999	0
38365	1	0	0	0	0	1	0.2	38365	0.09999999999999999	0.09999999999999999	0
39035	1	0	0	0	0	1	0.2	39035	0.09999999999999999	0.09999999999999999	0
39370	1	0	0	0	0	1	0.2	39370	0.09999999999999999	0.09999999999999999	0
39570	1	0	0	0	0	1	0.2	39570	0.09999999999999999	0.09999999999999999	0
39670	1	0	0	0	0	1	0.2	39670	0.09999999999999999	0.09999999999999999	0
39710	1	0	0	0	0	1	0.2	39710	0.09999999999999999	0.09999999999999999	0
40505	1	0	0	0	0	1	0.2	40505	0.09999999999999999	0.09999999999999999	0
40535	1	0	0	0	0	1	0.2	40535	0.09999999999999999	0.09999999999999999	0
40585	1	0	0	0	0	1	0.2	40585	0.09999999999999999	0.09999999999999999	0
40785	1	0	0	0	0	1	0.2	40785	0.09999999999999999	0.09999999999999999	0
40940	1	0	0	0	0	1	0.2	40940	0.09999999999999999	0.09999999999999999	0
40990	1	0	0	0	0	1	0.2	40990	0.09999999999999999	0.09999999999999999	0
41065	1	0	0	0	0	1	0.2	41065	0.09999999999999999	0.09999999999999999	0
41155	1	0	0	0	0	1	0.2	41155	0.09999999999999999	0.09999999999999999	0
41360	1	0	0	0	0	1	0.2	41360	0.09999999999999999	0.09999999999999999	0
41410	1	0	0	0	0	1	0.2	41410	0.09999999999999999	0.09999999999999999	0
41450	1	0	0	0	0	1	0.2	41450	0.09999999999999999	0.09999999999999999	0
41495	1	0	0	0	0	1	0.2	41495	0.09999999999999999	0.09999999999999999	0
41855	1	0	0	0	0	1	0.2	41855	0.09999999999999999	0.09999999999999999	0
41955	1	0	0	0	0	1	0.2	41955	0.09999999999999999	0.09999999999999999	0
42000	1	0	0	0	0	1	0.2	42000	0.09999999999999999	0.09999999999999999	0
42400	1	0	0	0	0	1	0.2	42400	0.09999999999999999	0.09999999999999999	0
42625	1	0	0	0	0	1	0.2	42625	0.09999999999999999	0.09999999999999999	0
42765	1	0	0	0	0	1	0.2	42765	0.09999999999999999	0.09999999999999999	0
42955	1	0	0	0	0	1	0.2	42955	0.09999999999999999	0.09999999999999999	0
43060	1	0	0	0	0	1	0.2	43060	0.09999999999999999	0.09999999999999999	0
15555	1	0	0	0	0	1	0.2	15555	0.09999999999999998	0.09999999999999999	0
36695	1	0	0	0	0	1	0.2	36695	0.09999999999999998	0.09999999999999998	0
28370	1	0	0	0	0	1	0.2	28370	0.09748370832612176	0.09999999999999999	0
29830	0	1	0	0	0	1	0.2	29830	0.09622556248918268	0.09622556248918268	0
22880	1	0	0	0	0	1	0.2	22880	0.09622556248918265	0.09999999999999999	0
25600	1	0	0	0	0	1	0.2	25600	0.09622556248918265	0.09999999999999999	0
20580	0	1	0	0	0	1	0.2	20580	0.09572623513863329	0.09572623513863329	0
42670	0	1	0	0	0	1	0.2	42670	0.09245112497836534	0.09245112497836534	0
11060	0	1	0	0	0	1	0.2	11060	0.09245112497836533	0.09245112497836533	0
43650	0	1	0	0	0	1	0.2	43650	0.09245112497836533	0.09245112497836533	0
20960	1	0	0	0	0	1	0.2	20960	0.0924511249783653	0.09999999999999999	0
8950	0	1	0	0	0	1	0.2	8950	0.09195179762781597	0.09195179762781597	0
21180	0	1	0	0	0	1	0.2	21180	0.09195179762781597	0.09195179762781597	0
9770	0	1	0	0	0	1	0.2	9770	0.09195179762781595	0.09195179762781595	0
18530	0	1	0	0	0	1	0.2	18530	0.09195179762781595	0.09195179762781595	0
28800	0	1	0	0	0	1	0.2	28800	0.09195179762781595	0.09195179762781595	0
39320	0	1	0	0	0	1	0.2	39320	0.09195179762781595	0.09195179762781595	0
41130	0	1	0	0	0	1	0.2	41130	0.09195179762781595	0.09195179762781595	0
23560	0	1	0	0	0	1	0.2	23560	0.0918226398830014	0.0918226398830014	0
21410	0	1	0	0	0	1	0.2	21410	0.09145247027726658	0.09145247027726658	0
16050	0	1	0	0	0	1	0.2	16050	0.09145247027726656	0.09145247027726656	0
36330	0	1	0	0	0	1	0.2	36330	0.09112781244591331	0.09112781244591331	0
15580	0	1	0	0	0	1	0.2	15580	0.09062162518871725	0.09551701523880121	0
7830	0	1	0	0	0	1	0.2	7830	0.09000000000000001	0.09245112497836534	0
33140	0	1	0	0	0	1	0.2	33140	0.09000000000000001	0.09000000000000001	0
42160	0	1	0	0	0	1	0.2	42160	0.09000000000000001	0.09000000000000001	0
3120	0	1	0	0	0	1	0.2	3120	0.08995996892249125	0.09174257772798387	0
7660	0	1	0	0	0	1	0.2	7660	0.0895652515218579	0.09145247027726658	0
1130	0	1	0	0	0	1	0.2	1130	0.08917601481809735	0.08917601481809735	0
35730	0	1	0	0	0	1	0.2	35730	0.08867668746754799	0.08867668746754799	0
40700	0	1	0	0	0	1	0.2	40700	0.08867668746754799	0.08867668746754799	0
26670	0	1	0	0	0	1	0.2	26670	0.0884270237922733	0.08867668746754799	0
14350	0	1	0	0	0	1	0.2	14350	0.08817736011699863	0.08817736011699863	0
5870	0	1	0	0	0	1	0.2	5870	0.08817736011699862	0.08817736011699862	0
8280	0	1	0	0	0	1	0.2	8280	0.08817736011699862	0.08817736011699862	0
21350	0	1	0	0	0	1	0.2	21350	0.08817736011699862	0.08817736011699862	0
31450	0	1	0	0	0	1	0.2	31450	0.08817736011699862	0.08817736011699862	0
4530	0	1	0	0	0	1	0.2	4530	0.0881773601169986	0.0881773601169986	0
33880	0	1	0	0	0	1	0.2	33880	0.0881773601169986	0.0881773601169986	0
36640	0	1	0	0	0	1	0.2	36640	0.0881773601169986	0.0881773601169986	0
39640	0	1	0	0	0	1	0.2	39640	0.0881773601169986	0.0881773601169986	0
39880	0	1	0	0	0	1	0.2	39880	0.0881773601169986	0.0881773601169986	0
22130	0	1	0	0	0	1	0.2	22130	0.08807275016708258	0.08817736011699862	0
42240	0	1	0	0	0	1	0.2	42240	0.08796814021716653	0.08796814021716653	0
4090	0	1	0	0	0	1	0.2	4090	0.08796814021716652	0.08796814021716652	0
13570	0	1	0	0	0	1	0.2	13570	0.08796814021716652	0.08796814021716652	0
28250	0	1	0	0	0	1	0.2	28250	0.08796814021716652	0.08796814021716652	0
39240	0	1	0	0	0	1	0.2	39240	0.08785270228564535	0.08785270228564535	0
11650	0	1	0	0	0	1	0.2	11650	0.08777946334713271	0.08777946334713271	0
3620	0	1	0	0	0	1	0.2	3620	0.08772874805679098	0.08817736011699862	0
8760	0	1	0	0	0	1	0.2	8760	0.08771847654189183	0.08796814021716652	0
12780	0	1	0	0	0	1	0.2	12780	0.08767803276644924	0.08767803276644924	0
17940	0	1	0	0	0	1	0.2	17940	0.08767803276644924	0.08767803276644924	0
19210	0	1	0	0	0	1	0.2	19210	0.08767803276644924	0.08767803276644924	0
42550	0	1	0	0	0	1	0.2	42550	0.08767803276644924	0.08767803276644924	0
8680	0	1	0	0	0	1	0.2	8680	0.08767803276644923	0.08767803276644923	0
30730	0	1	0	0	0	1	0.2	30730	0.08762413810687494	0.08817736011699862	0
39740	0	1	0	0	0	1	0.2	39740	0.08746881286661715	0.08746881286661715	0
42990	0	1	0	0	0	1	0.2	42990	0.08746881286661715	0.08746881286661715	0
32440	0	1	0	0	0	1	0.2	32440	0.08746881286661713	0.08746881286661713	0
42440	0	1	0	0	0	1	0.2	42440	0.08673018589174641	0.08673018589174641	0
7480	0	1	0	0	0	1	0.2	7480	0.08664482768471449	0.08664482768471449	0
31590	0	1	0	0	0	1	0.2	31590	0.08643560778488242	0.08643560778488242	0
10940	0	1	0	0	0	1	0.2	10940	0.08622556248918267	0.08622556248918267	0
40760	0	1	0	0	0	1	0.2	40760	0.08622556248918267	0.08622556248918267	0
43240	0	1	0	0	0	1	0.2	43240	0.08622556248918264	0.08622556248918264	0
42300	0	1	0	0	0	1	0.2	42300	0.08598658302674096	0.08777946334713273	0
26340	0	1	0	0	0	1	0.2	26340	0.08540157730728001	0.08540157730728001	0
25920	0	1	0	0	0	1	0.2	25920	0.08520963259776593	0.08622556248918269	0
12350	0	1	0	0	0	1	0.2	12350	0.08501768788825181	0.08501768788825181	0
4020	0	1	0	0	0	1	0.2	4020	0.08490224995673065	0.08490224995673065	0
11200	0	1	0	0	0	1	0.2	11200	0.08490224995673065	0.08490224995673065	0
15000	0	1	0	0	0	1	0.2	15000	0.08490224995673065	0.08490224995673065	0
26040	0	1	0	0	0	1	0.2	26040	0.08490224995673065	0.08490224995673065	0
30170	0	1	0	0	0	1	0.2	30170	0.08490224995673065	0.08490224995673065	0
30990	0	1	0	0	0	1	0.2	30990	0.08490224995673064	0.08490224995673064	0
8360	0	1	0	0	0	1	0.2	8360	0.08440292260618128	0.08440292260618128	0
27890	0	1	0	0	0	1	0.2	27890	0.08440292260618128	0.08440292260618128	0
28070	0	1	0	0	0	1	0.2	28070	0.08440292260618128	0.08440292260618128	0
40320	0	1	0	0	0	1	0.2	40320	0.08440292260618128	0.08440292260618128	0
26870	1	0	0	0	0	1	0.2	26870	0.08440292260618126	0.08490224995673064	0
2080	0	1	0	0	0	1	0.2	2080	0.08440292260618126	0.08440292260618126	0
2250	0	1	0	0	0	1	0.2	2250	0.08440292260618126	0.08440292260618126	0
27320	0	1	0	0	0	1	0.2	27320	0.08440292260618126	0.08440292260618126	0
27680	0	1	0	0	0	1	0.2	27680	0.08440292260618126	0.08440292260618126	0
31710	0	1	0	0	0	1	0.2	31710	0.08440292260618126	0.08440292260618126	0
41030	0	1	0	0	0	1	0.2	41030	0.08440292260618126	0.08440292260618126	0
19620	0	1	0	0	0	1	0.2	19620	0.08440292260618125	0.08440292260618125	0
26480	0	1	0	0	0	1	0.2	26480	0.08440292260618125	0.08440292260618125	0
18760	0	0	1	0	0	1	0.2	18760	0.08435603162202585	0.08435603162202585	0
16800	0	0	1	0	0	1	0.2	16800	0.08421848274026761	0.08421848274026761	0
21790	0	1	0	0	0	1	0.2	21790	0.0841937027063492	0.0841937027063492	0
9320	0	1	0	0	0	1	0.2	9320	0.08419370270634918	0.08419370270634918	0
34500	0	1	0	0	0	1	0.2	34500	0.08419370270634918	0.08419370270634918	0
1420	0	0	1	0	0	1	0.2	1420	0.08355618153708785	0.08355618153708785	0
31780	0	0	1	0	0	1	0.2	31780	0.0820864360695033	0.0820864360695033	0
34020	0	0	1	0	0	1	0.2	34020	0.08088500867728532	0.08088500867728532	0
18300	0	0	1	0	0	1	0.2	18300	0.08032050613966596	0.0810435413451084	0
25800	0	0	1	0	0	1	0.2	25800	0.07876667025315325	0.07876667025315325	0
3260	0	1	0	0	0	1	0.2	3260	0.07844471168052511	0.08746881286661715	0
3780	0	0	1	0	0	1	0.2	3780	0.07807961007372928	0.07807961007372928	0
36020	0	0	1	0	0	1	0.2	36020	0.07790394891921248	0.07790394891921248	0
29340	0	0	1	0	0	1	0.2	29340	0.07776578022398113	0.07776578022398113	0
22700	0	0	1	0	0	1	0.2	22700	0.07762605604329863	0.07854956543612215	0
43140	0	0	1	0	0	1	0.2	43140	0.07762072649862245	0.07762072649862245	0
26810	1	0	0	0	0	1	0.2	26810	0.07735337493509596	0.07735337493509596	0
6700	0	0	1	0	0	1	0.2	6700	0.07718296542511452	0.07718296542511452	0
280	0	0	1	0	0	1	0.2	280	0.07715442655016305	0.07715442655016305	0
33220	0	0	1	0	0	1	0.2	33220	0.07708521538184511	0.07708521538184511	0
37820	0	0	1	0	0	1	0.2	37820	0.07668485876222328	0.07668485876222328	0
19740	0	0	1	0	0	1	0.2	19740	0.07613822772958466	0.07613822772958466	0
13340	0	0	1	0	0	1	0.2	13340	0.07611924491586218	0.07611924491586218	0
29640	0	0	1	0	0	1	0.2	29640	0.07596548353023667	0.07596548353023667	0
29160	0	0	1	0	0	1	0.2	29160	0.07557267828269651	0.07690476287488837	0
1220	0	0	1	0	0	1	0.2	1220	0.07504995170809652	0.07504995170809652	0
24120	0	0	1	0	0	1	0.2	24120	0.07493362096813411	0.07493362096813411	0
15400	0	0	1	0	0	1	0.2	15400	0.07471030524721657	0.07471030524721657	0
25260	0	0	1	0	0	1	0.2	25260	0.0744820099976078	0.0744820099976078	0
7340	0	0	1	0	0	1	0.2	7340	0.07428103746594723	0.07428103746594723	0
21640	0	0	1	0	0	1	0.2	21640	0.07425828157875648	0.07425828157875648	0
12120	0	0	1	0	0	1	0.2	12120	0.07412008776004449	0.07412008776004449	0
33580	0	0	1	0	0	1	0.2	33580	0.07390306391240654	0.07390306391240654	0
20900	0	0	1	0	0	1	0.2	20900	0.07366079148700388	0.07366079148700388	0
39500	0	0	1	0	0	1	0.2	39500	0.07363665639003922	0.07363665639003922	0
8580	0	0	1	0	0	1	0.2	8580	0.07354932163044119	0.07354932163044119	0
43460	0	0	1	0	0	1	0.2	43460	0.07351746172081333	0.07351746172081333	0
9620	0	0	1	0	0	1	0.2	9620	0.07323549178069305	0.07323549178069305	0
6940	0	0	1	0	0	1	0.2	6940	0.06418031098304008	0.06418031098304008	0
24700	0	0	0	1	0	1	0.2	24700	0.06381494664340766	0.06381494664340766	0
17250	0	0	0	1	0	1	0.2	17250	0.06356007121937132	0.06356007121937132	0
36740	0	0	1	0	0	1	0.2	36740	0.06302495183190966	0.06302495183190966	0
7900	0	0	0	1	0	1	0.2	7900	0.06281383066338776	0.06281383066338776	0
40400	0	0	1	0	0	1	0.2	40400	0.05848459898926172	0.05848459898926172	0
31300	0	0	0	0	1	1	0.2	31300	0.05137876735014571	0.05137876735014571	0
1700	0	0	0	0	1	1	0.2	1700	0.05094527199283247	0.05094527199283247	0
32600	0	0	0	0	1	1	0.2	32600	0.05061585891810798	0.05061585891810798	0
1000	0	0	0	0	1	1	0.2	1000	0.046260011138521406	0.046260011138521406	0
40900	0	0	0	0	1	1	0.2	40900	0.03750740112622268	0.03750740112622268	0
