metric_id	family	regime	value	status	reason
D_LINE_COHERENCE	D		0.272626960911	COMPARABLE	
D_LINE_EXCLUSIVITY	D		0.245856353591	COMPARABLE	
D_LINE_PROGRESSION	D		-2.92393667588e-05	COMPARABLE	
D_LINE_VARIANCE_SHARE	D		0.0648031495334	COMPARABLE	
D_LOCUS_COHERENCE	D			NOT_COMPARABLE	locus not observed
D_LOCUS_EXCLUSIVITY	D			NOT_COMPARABLE	locus not observed
D_LOCUS_PROGRESSION	D			NOT_COMPARABLE	locus not observed
D_LOCUS_VARIANCE_SHARE	D			NOT_COMPARABLE	locus not observed
D_PAGE_COHERENCE	D		0.287198859862	COMPARABLE	
D_PAGE_EXCLUSIVITY	D		0.339779005525	COMPARABLE	
D_PAGE_PROGRESSION	D		-8.42605561702e-05	COMPARABLE	
D_PAGE_VARIANCE_SHARE	D		0.022786459428	COMPARABLE	
D_SECTION_COHERENCE	D			NOT_COMPARABLE	section not observed
D_SECTION_EXCLUSIVITY	D			NOT_COMPARABLE	section not observed
D_SECTION_PROGRESSION	D			NOT_COMPARABLE	section not observed
D_SECTION_VARIANCE_SHARE	D			NOT_COMPARABLE	section not observed
G01_ALPHABET_SIZE	G		33	COMPARABLE	
G02_INITIAL_RESTRICTION_DENSITY	G		0.939393939394	COMPARABLE	
G03_FINAL_RESTRICTION_DENSITY	G		0.454545454545	COMPARABLE	
G04_BIGRAM_OCCUPANCY	G		0.0918273645546	COMPARABLE	
G05_TRIGRAM_OCCUPANCY	G		0.00787489217241	COMPARABLE	
G06_SYMBOL_CONDITIONAL_ENTROPY_NORM	G		0.390236328007	COMPARABLE	
G07_HIGHER_ORDER_ENTROPY_REDUCTION	G		0.0850530278001	COMPARABLE	
G08_MEAN_SYMBOLS_PER_TOKEN	G		4.04658077304	COMPARABLE	
L01_LINE_TOKEN_COUNT_MEAN	L		23.4651162791	COMPARABLE	
L02_LINE_SYMBOL_COUNT_MEAN	L		94.9534883721	COMPARABLE	
L03_BOUNDARY_SPECIALIZATION	L		0.646408839779	COMPARABLE	
L04_POSITION_PROGRESSION	L		0.0404053157612	COMPARABLE	
L05_LINE_ASYMMETRY	L		0.218963360977	COMPARABLE	
L06_SAME_LINE_COOCCURRENCE_DENSITY	L	FREQ_GE_10	0.650372208437	COMPARABLE	
L06_SAME_LINE_COOCCURRENCE_DENSITY	L	FREQ_GE_5	0.51527638191	COMPARABLE	
L06_SAME_LINE_COOCCURRENCE_DENSITY	L	MATCHED_VOCAB	0.219739520362	COMPARABLE	
L06_SAME_LINE_COOCCURRENCE_DENSITY	L	TOP_100	0.858787878788	COMPARABLE	
L06_SAME_LINE_COOCCURRENCE_DENSITY	L	TOP_250	0.386506024096	COMPARABLE	
L07_SAME_LINE_NONCOOCCURRENCE_DENSITY	L	FREQ_GE_10	0.349627791563	COMPARABLE	
L07_SAME_LINE_NONCOOCCURRENCE_DENSITY	L	FREQ_GE_5	0.48472361809	COMPARABLE	
L07_SAME_LINE_NONCOOCCURRENCE_DENSITY	L	MATCHED_VOCAB	0.780260479638	COMPARABLE	
L07_SAME_LINE_NONCOOCCURRENCE_DENSITY	L	TOP_100	0.141212121212	COMPARABLE	
L07_SAME_LINE_NONCOOCCURRENCE_DENSITY	L	TOP_250	0.613493975904	COMPARABLE	
S01_TRANSITION_DENSITY	S	FREQ_GE_10	0.168803418803	COMPARABLE	
S01_TRANSITION_DENSITY	S	FREQ_GE_5	0.11345	COMPARABLE	
S01_TRANSITION_DENSITY	S	MATCHED_VOCAB	0.0383153749886	COMPARABLE	
S01_TRANSITION_DENSITY	S	TOP_100	0.3073	COMPARABLE	
S01_TRANSITION_DENSITY	S	TOP_250	0.07648	COMPARABLE	
S02_TRANSITION_ZERO_DENSITY	S	FREQ_GE_10	0.831196581197	COMPARABLE	
S02_TRANSITION_ZERO_DENSITY	S	FREQ_GE_5	0.88655	COMPARABLE	
S02_TRANSITION_ZERO_DENSITY	S	MATCHED_VOCAB	0.961684625011	COMPARABLE	
S02_TRANSITION_ZERO_DENSITY	S	TOP_100	0.6927	COMPARABLE	
S02_TRANSITION_ZERO_DENSITY	S	TOP_250	0.92352	COMPARABLE	
S03_TRANSITION_ENTROPY_NORM	S	FREQ_GE_10	0.768643596422	COMPARABLE	
S03_TRANSITION_ENTROPY_NORM	S	FREQ_GE_5	0.742005399364	COMPARABLE	
S03_TRANSITION_ENTROPY_NORM	S	MATCHED_VOCAB	0.675876455242	COMPARABLE	
S03_TRANSITION_ENTROPY_NORM	S	TOP_100	0.811256777659	COMPARABLE	
S03_TRANSITION_ENTROPY_NORM	S	TOP_250	0.716766160432	COMPARABLE	
S04_REPEATED_BIGRAM_TYPES	S		2075	COMPARABLE	
S05_REPEATED_TRIGRAM_TYPES	S		1673	COMPARABLE	
S06_PREFERRED_TRANSITION_FRACTION	S	FREQ_GE_10	0.147286821705	COMPARABLE	
S06_PREFERRED_TRANSITION_FRACTION	S	FREQ_GE_5	0.146981627297	COMPARABLE	
S06_PREFERRED_TRANSITION_FRACTION	S	MATCHED_VOCAB	0.155080213904	COMPARABLE	
S06_PREFERRED_TRANSITION_FRACTION	S	TOP_100	0.142857142857	COMPARABLE	
S06_PREFERRED_TRANSITION_FRACTION	S	TOP_250	0.15649867374	COMPARABLE	
S07_DEPLETED_TRANSITION_FRACTION	S	FREQ_GE_10	0.416020671835	COMPARABLE	
S07_DEPLETED_TRANSITION_FRACTION	S	FREQ_GE_5	0.419947506562	COMPARABLE	
S07_DEPLETED_TRANSITION_FRACTION	S	MATCHED_VOCAB	0.406417112299	COMPARABLE	
S07_DEPLETED_TRANSITION_FRACTION	S	TOP_100	0.428571428571	COMPARABLE	
S07_DEPLETED_TRANSITION_FRACTION	S	TOP_250	0.411140583554	COMPARABLE	
S08_HIGHER_ORDER_PREDICTIVE_GAIN	S	FREQ_GE_10	0.445566884266	COMPARABLE	
S08_HIGHER_ORDER_PREDICTIVE_GAIN	S	FREQ_GE_5	0.429741994412	COMPARABLE	
S08_HIGHER_ORDER_PREDICTIVE_GAIN	S	MATCHED_VOCAB	0.387240276613	COMPARABLE	
S08_HIGHER_ORDER_PREDICTIVE_GAIN	S	TOP_100	0.465010357135	COMPARABLE	
S08_HIGHER_ORDER_PREDICTIVE_GAIN	S	TOP_250	0.413491013239	COMPARABLE	
T01_MEAN_TOKEN_LENGTH	T		4.04658077304	COMPARABLE	
T02_TOKEN_LENGTH_SD	T		0.584189751887	COMPARABLE	
T03_UNIQUE_TOKEN_RATIO	T		0.0275977738812	COMPARABLE	
T04_HAPAX_RATIO	T		0.21270718232	COMPARABLE	
T05_PREFIX_DIVERSITY	T		0.00552486187845	COMPARABLE	
T06_SUFFIX_DIVERSITY	T		0.0497237569061	COMPARABLE	
T07_EDIT_GRAPH_DENSITY	T		0.0367916009856	COMPARABLE	
T08_EDIT_GRAPH_GIANT_SHARE	T		0.991712707182	COMPARABLE	
T09_EDIT_GRAPH_CLUSTERING	T		0.358529488216	COMPARABLE	
T10_EDIT_DEGREE_FREQUENCY_SPEARMAN	T		0.535411989301	COMPARABLE	
T11_POSITIONAL_RESTRICTION_DENSITY	T		0.59595959596	COMPARABLE	
